{
  "baseImage": "./images/Собери Храм Луны/Основа.jpg",
  "tabs": [
    {
      "title": "Двери",
      "images": [
        {
          "main": "./images/Собери Храм Луны/Двери/Дверь 1.png",
          "preview": "./images/Собери Храм Луны/Двери/Дверь 1.png"
        },
        {
          "main": "./images/Собери Храм Луны/Двери/Дверь 2.png",
          "preview": "./images/Собери Храм Луны/Двери/Дверь 2.png"
        },
        {
          "main": "./images/Собери Храм Луны/Двери/Дверь 3.png",
          "preview": "./images/Собери Храм Луны/Двери/Дверь 3.png"
        },
        {
          "main": "./images/Собери Храм Луны/Двери/Дверь 4.png",
          "preview": "./images/Собери Храм Луны/Двери/Дверь 4.png"
        },
        {
          "main": "./images/Собери Храм Луны/Двери/Дверь 5.png",
          "preview": "./images/Собери Храм Луны/Двери/Дверь 5.png"
        }
      ]
    },
    {
      "title": "Окна",
      "images": [
        {
          "main": "./images/Собери Храм Луны/Окна/Окно 1.png",
          "preview": "./images/Собери Храм Луны/Окна/Окно 1.png"
        },
        {
          "main": "./images/Собери Храм Луны/Окна/Окно 2.png",
          "preview": "./images/Собери Храм Луны/Окна/Окно 2.png"
        },
        {
          "main": "./images/Собери Храм Луны/Окна/Окно 3.png",
          "preview": "./images/Собери Храм Луны/Окна/Окно 3.png"
        },
        {
          "main": "./images/Собери Храм Луны/Окна/Окно 4.png",
          "preview": "./images/Собери Храм Луны/Окна/Окно 4.png"
        },
        {
          "main": "./images/Собери Храм Луны/Окна/Окно 5.png",
          "preview": "./images/Собери Храм Луны/Окна/Окно 5.png"
        },
        {
          "main": "./images/Собери Храм Луны/Окна/Окно 6.png",
          "preview": "./images/Собери Храм Луны/Окна/Окно 6.png"
        },
        {
          "main": "./images/Собери Храм Луны/Окна/Окно 7.png",
          "preview": "./images/Собери Храм Луны/Окна/Окно 7.png"
        },
        {
          "main": "./images/Собери Храм Луны/Окна/Окно 8.png",
          "preview": "./images/Собери Храм Луны/Окна/Окно 8.png"
        }
      ]
    },
    {
      "title": "Элементы",
      "images": [
        {
          "main": "./images/Собери Храм Луны/Элементы/Звезды.png",
          "preview": "./images/Собери Храм Луны/Элементы/Звезды.png"
        },
        {
          "main": "./images/Собери Храм Луны/Элементы/Комета.png",
          "preview": "./images/Собери Храм Луны/Элементы/Комета.png"
        },
        {
          "main": "./images/Собери Храм Луны/Элементы/Лунный камень.png",
          "preview": "./images/Собери Храм Луны/Элементы/Лунный камень.png"
        },
        {
          "main": "./images/Собери Храм Луны/Элементы/Месяц.png",
          "preview": "./images/Собери Храм Луны/Элементы/Месяц.png"
        },
        {
          "main": "./images/Собери Храм Луны/Элементы/Планета.png",
          "preview": "./images/Собери Храм Луны/Элементы/Планета.png"
        }
      ]
    }
  ]
}
